BEGIN TRANSACTION;

/* CREACIÓN DE TABLAS*/

CREATE TABLE IF NOT EXISTS `provincia` (
  `id` INTEGER NOT NULL,
  `nombre` TEXT NOT NULL,
  `cod_provincia` INTEGER NOT NULL,
  PRIMARY KEY(`id`)
);

CREATE TABLE IF NOT EXISTS `municipio` (
  `id` INTEGER NOT NULL,
  `provinciaId` INTEGER NOT NULL,
  `nombre` TEXT NOT NULL,
  `cod_municipio` INTEGER NOT NULL,
  PRIMARY KEY(`id`),
  FOREIGN KEY(`provinciaId`)
  REFERENCES provincia(`id`)
);

CREATE TABLE IF NOT EXISTS `poblacion` (
  `id` INTEGER NOT NULL,
  `municipioId` INTEGER NOT NULL,
  `nombre` TEXT NOT NULL,
  `cod_poblacion` INTEGER NOT NULL,
  PRIMARY KEY(`id`),
  FOREIGN KEY(`municipioId`)
  REFERENCES municipio(`id`)
);

CREATE TABLE IF NOT EXISTS `especie` (
  `id` INTEGER NOT NULL,
  `nombre` TEXT,
  PRIMARY KEY(`id`)
);

CREATE TABLE IF NOT EXISTS `persona_solicitante` (
  `id` INTEGER NOT NULL,
  `primer_apellido` TEXT NOT NULL,
  `segundo_apellido` TEXT NOT NULL,
  `nombre` TEXT NOT NULL,
  `nif` TEXT NOT NULL,
  `email` TEXT NOT NULL,
  PRIMARY KEY(`id`)
);

CREATE TABLE IF NOT EXISTS `persona_representante` (
  `id` INTEGER NOT NULL,
  `primer_apellido` TEXT NOT NULL,
  `segundo_apellido` TEXT NOT NULL,
  `nombre` TEXT NOT NULL,
  `nif` TEXT NOT NULL,
  `email` TEXT NOT NULL,
  PRIMARY KEY(`id`)
);

CREATE TABLE IF NOT EXISTS `tecnico_competente` (
  `id` INTEGER NOT NULL,
  `primer_apellido` TEXT NOT NULL,
  `segundo_apellido` TEXT NOT NULL,
  `nombre` TEXT NOT NULL,
  `titulacion` TEXT NOT NULL,
  `n_colegiado` TEXT NOT NULL,
  `nif` TEXT NOT NULL,
  `email` TEXT NOT NULL,
  PRIMARY KEY(`id`)
);

CREATE TABLE IF NOT EXISTS `domicilio_notificaciones` (
  `id` INTEGER NOT NULL,
  `provinciaId` INTEGER,
  `municipio` TEXT NOT NULL,
  `poblacion` TEXT NOT NULL,
  `domicilio` TEXT NOT NULL,
  `cp` INTEGER NOT NULL,
  `telefono_fijo` INTEGER,
  `telefono_movil` INTEGER,
  `email` TEXT,
  PRIMARY KEY(`id`),
  FOREIGN  KEY(`provinciaId`)
  REFERENCES provincia(`id`)
);

CREATE TABLE IF NOT EXISTS `datos_generales_finca` (
  `id` INTEGER NOT NULL,
  `provinciaId` INTEGER,
  `nombre` TEXT,
  `terminoMunicipalId` INTEGER NOT NULL,
  `superficie_total` INTEGER,
  `superficie_solicitud_adhesion` INTEGER,
  'seccion_a' BOOLEAN,
  'seccion_b' BOOLEAN,
  PRIMARY KEY(`id`),
  FOREIGN KEY(`provinciaId`)
  REFERENCES provincia(`id`),
  FOREIGN KEY (`terminoMunicipalId`)
  REFERENCES municipio(`id`)
);

CREATE TABLE IF NOT EXISTS `prevencion_incendios_forestales` (
  `id` INTEGER NOT NULL,
  `plan_prevencion_aprobado` INTEGER NOT NULL,
  `exp_plan_prevencion_aprobado` TEXT,
  `fajas_cortafuegos` BOOLEAN NOT NULL,
  `fajas_auxiliares` BOOLEAN NOT NULL,
  `areas_cortafuegos` BOOLEAN NOT NULL,
  `perimetral` BOOLEAN NOT NULL,
  `interior` BOOLEAN NOT NULL,
  `puntos_agua` BOOLEAN NOT NULL,
  `vias_comunicacion` BOOLEAN NOT NULL,
  `banda_proteccion` BOOLEAN NOT NULL,
  `hidrantes` BOOLEAN NOT NULL,
  `otras` BOOLEAN NOT NULL,
  PRIMARY KEY(`id`)
);

CREATE TABLE IF NOT EXISTS `otras_infraestructuras` (
  `id` INTEGER NOT NULL,
  `via_pecuaria` BOOLEAN NOT NULL,
  `cercas_manejo_ganadero` BOOLEAN NOT NULL,
  `naves_ganaderas` BOOLEAN NOT NULL,
  `caminos` BOOLEAN NOT NULL,
  `otras` BOOLEAN NOT NULL,
  PRIMARY KEY(`id`)
);

CREATE TABLE IF NOT EXISTS `area_protegida` (
  `id` INTEGER NOT NULL,
  `espacio_natural_protegido` TEXT,
  `lic_zona_especial` TEXT,
  `zepa`TEXT,
  `otras_figuras_proteccion` TEXT,
  PRIMARY KEY(`id`)
);

CREATE TABLE IF NOT EXISTS `aprovechamiento_forestal` (
  `id` INTEGER NOT NULL,
  `bellota` BOOLEAN NOT NULL,
  `corcho` BOOLEAN NOT NULL,
  `biomasa` BOOLEAN NOT NULL,
  `pastos` BOOLEAN NOT NULL,
  `micologico` BOOLEAN NOT NULL,
  `otros` BOOLEAN NOT NULL,
  `cinegetico` BOOLEAN NOT NULL,
  `lenias` BOOLEAN NOT NULL,
  `nombre_coto` TEXT,
  `matricula` TEXT,
  PRIMARY KEY(`id`)
);

CREATE TABLE IF NOT EXISTS `uso_ganadero_preferente`(
  `id` INTEGER NOT NULL,
  `nombre` TEXT,
  PRIMARY KEY(`id`)
);

CREATE TABLE IF NOT EXISTS `modelo_gestion`(
  `id` INTEGER NOT NULL,
  `nombre` TEXT,
  `color` TEXT,
  `densidad_primer_decenio` INTEGER,
  `densidad_resto_periodo` INTEGER,
  `uso_ganadero_preferente` TEXT,
  `cod_modelo` text,
  `urgencia_regeneracion` text,
  `turno` INTEGER,
  `periodo_rotacion` INTEGER,
  `fcc` INTEGER,
  `densidad_minima_objetivo_turno` INTEGER,
  `densidad_minima_objetivo_periodo_rotacion` INTEGER,
  `sum_min_decenio` INTEGER,
  `sum_min_resto` INTEGER,
  PRIMARY KEY (`id`)
);

CREATE TABLE IF NOT EXISTS `urgencia_regeneracion` (
`id` INTEGER NOT NULL,
`urgencia_regeneracion` TEXT,
`usoId` INTEGER,
`modeloGestionId` INTEGER,
PRIMARY KEY(`id`),
FOREIGN KEY(`usoId`)
REFERENCES uso_ganadero_preferente(`id`),
FOREIGN KEY(`modeloGestionId`)
REFERENCES modelo_gestion(`id`)
);

CREATE TABLE IF NOT EXISTS `documentacion_presentada` (
  `id` INTEGER NOT NULL,
  `dni_solicitante` BOOLEAN NOT NULL,
  `nif_entidad_solicitante` BOOLEAN NOT NULL,
  `dni_representante` BOOLEAN NOT NULL,
  `acreditacion_representacion_legal` BOOLEAN NOT NULL,
  `dni_representate_lagal` BOOLEAN NOT NULL,
  `acuerdo_solicitud_adoptado` BOOLEAN NOT NULL,
  `copias_datos_inventario` BOOLEAN NOT NULL,
  `planos_del_monte` BOOLEAN NOT NULL,
  `me_opongo` BOOLEAN NOT NULL,
  `autorizo` BOOLEAN NOT NULL,
  PRIMARY KEY(`id`)
);

CREATE TABLE IF NOT EXISTS `formulario` (
  `id` INTEGER NOT NULL,
  `personaSolicitanteId` INTEGER NOT NULL,
  `personaRepresentanteId` INTEGER,
  `tecnicoCompetenteId` INTEGER,
  `domicilioNotificacionesId` INTEGER,
  `datosGeneralesFincaId` INTEGER,
  `aprovechamientoForestalesId` INTEGER,
  `areaProtegidaId` INTEGER,
  `prevencionIncendiosForestalesId` INTEGER,
  `documentacionPresentadaId` INTEGER,
  `otrasInfraestructurasId` INTEGER,
  `finalizado` INTEGER,
  `fecha_inicio` TEXT,
  PRIMARY KEY(`id`)
  FOREIGN KEY(`personaSolicitanteId`)
  REFERENCES persona_solicitante(`id`),
  FOREIGN KEY(`personaRepresentanteId`)
  REFERENCES persona_representante(`id`),
  FOREIGN KEY(`tecnicoCompetenteId`)
  REFERENCES tecnico_competente,
  FOREIGN KEY(`domicilioNotificacionesId`)
  REFERENCES domicilio_notificaciones(`id`),
  FOREIGN KEY(`datosGeneralesFincaId`)
  REFERENCES datos_generales_finca(`id`),
  FOREIGN KEY(`aprovechamientoForestalesId`)
  REFERENCES aprovechamiento_forestal(`id`),
  FOREIGN KEY(`areaProtegidaId`)
  REFERENCES area_protegida(`id`),
  FOREIGN KEY(`prevencionIncendiosForestalesId`)
  REFERENCES prevencion_incendios_forestales(`id`),
  FOREIGN KEY(`otrasInfraestructurasId`)
  REFERENCES otras_infraestructuras(`id`),
  FOREIGN KEY(`documentacionPresentadaId`)
  REFERENCES documentacion_presentada(`id`)
);

CREATE TABLE IF NOT EXISTS `parcelas_sigpac` (
  `id` INTEGER NOT NULL,
  `municipioId` INTEGER NOT NULL,
  `formularioId` INTEGER NOT NULL,
  `poligono` INTEGER NOT NULL,
  `parcela` INTEGER NOT NULL,
  `recinto` INTEGER,
  `superficie` INTEGER NOT NULL,
  `parcialmente_incluido` BOOLEAN NOT NULL,
  `wkt` TEXT NOT NULL,
  PRIMARY KEY(`id`),
  FOREIGN KEY(`municipioId`)
  REFERENCES municipio(`id`),
  FOREIGN KEY(`formularioId`)
  REFERENCES formulario(`id`)
);

CREATE TABLE IF NOT EXISTS `datos_generales` (
  `id` INTEGER NOT NULL,
  `formularioId` INTEGER NOT NULL,
  `urgenciaRegeneracionId` INTEGER,
  `n_parcela` INTEGER NOT NULL,
  `radio_parcela` INTEGER NOT NULL,
  `coord_x` INTEGER NOT NULL,
  `coord_y` INTEGER NOT NULL,
  `uso` INTEGER NOT NULL,
  `especiePrincipalId` INTEGER NOT NULL,
  `n_pies_total` INTEGER NOT NULL,
  `n_pies_menores_regenerado` INTEGER NOT NULL,
  `n_pies_menores_regenerado_establecidos` INTEGER,
  `n_pies_jovenes` INTEGER,
  `n_pies_adultos` INTEGER,
  `n_pies_regenerados_establecido_adultos_jovenes` INTEGER,
  `n_pies_viejos` INTEGER,
  PRIMARY KEY(`id`),
  FOREIGN KEY(`formularioId`)
  REFERENCES formulario(`id`),
  FOREIGN KEY(`especiePrincipalId`)
  REFERENCES especie(`id`),
  FOREIGN KEY(`urgenciaRegeneracionId`)
  REFERENCES urgencia_regeneracion(`id`)
);

CREATE TABLE IF NOT EXISTS `representacion_grafica` (
  `id` INTEGER NOT NULL,
  `formularioId` INTEGER NOT NULL,
  `poligono` TEXT NOT NULL,
  PRIMARY KEY(`id`),
  FOREIGN KEY (`formularioId`)
  REFERENCES formulario(`id`)
);

CREATE TABLE IF NOT EXISTS `estrato` (
  `id` INTEGER NOT NULL,
  `representacionGraficaId` INTEGER NOT NULL,
  `numero` INTEGER NOT NULL,
  `poligono` TEXT NOT NULL,
  `color` TEXT NOT NULL,
  `modeloGestionId` INTEGER NOT NULL,
  `parcelas` TEXT NOT NULL,
  PRIMARY KEY (`id`),
  FOREIGN KEY (`representacionGraficaId`)
  REFERENCES representacion_grafica(`id`)
  ON DELETE CASCADE,
  FOREIGN KEY(`modeloGestionId`)
  REFERENCES modelo_gestion(`id`)
);

CREATE TABLE IF NOT EXISTS `resumen_existencia_estrato` (
  `id` INTEGER NOT NULL,
  `estratoId` INTEGER NOT NULL,
  `superficie_estrato` INTEGER NOT NULL,
  `especie` TEXT NOT NULL,
  `uso_preferente` TEXT NOT NULL,
  `pies_total` INTEGER NOT NULL,
  `pies_menores` INTEGER NOT NULL,
  `jovenes` INTEGER,
  `adultos` INTEGER,
  `viejos` INTEGER,
  PRIMARY KEY(`id`),
  FOREIGN KEY (`estratoId`)
  REFERENCES estrato(`id`)
);



CREATE TABLE IF NOT EXISTS `user` (
  `id` INTEGER NOT NULL,
  `nombre` TEXT NOT NULL,
  `password` TEXT NOT NULL,
  PRIMARY KEY(`id`)
);

CREATE TABLE IF NOT EXISTS `configuracion_formulario` (
  `id` INTEGER NOT NULL,
  `logo` TEXT NOT NULL,
  `encabezado` TEXT NOT NULL,
  `texto_logo` TEXT NOT NULL,
  PRIMARY KEY(`id`)
);

CREATE TABLE IF NOT EXISTS `uso_ganadero_preferente`(
  `id` INTEGER NOT NULL,
  `nombre` TEXT,
  PRIMARY KEY(`id`)
);

/* INSERCCIÓN EN TABLAS*/
/* usuario: admin, contraseña: terrenos*/
INSERT INTO user (`id`, `nombre`,`password`) values (1, 'admin', '1f0b2701f57923c7ba7c9b1044de38c6');

INSERT INTO especie (`id`, `nombre`) values
(1, 'Encina'),
(2, 'Alcornoque'),
(3, 'Masa mixta');

INSERT INTO uso_ganadero_preferente (`id`, `nombre`) VALUES
(1, 'vacuno'),
(2, 'equino'),
(3, 'ovino'),
(4, 'caprino'),
(5, 'porcino'),
(6, 'montanera'),
(7, 'cinegetico'),
(8, 'corchero');


INSERT INTO modelo_gestion (`id`, `nombre`, `color`, `densidad_primer_decenio`, `densidad_resto_periodo`, `uso_ganadero_preferente`, `cod_modelo`, `urgencia_regeneracion`, `turno`, `periodo_rotacion` ,`fcc`, `densidad_minima_objetivo_turno`, `densidad_minima_objetivo_periodo_rotacion`, `sum_min_decenio`, `sum_min_resto` ) VALUES 
(1, 'Qi1 u1', '0, 204, 102',0, 25, 'vacuno, equino, ovino y caprino', 'Qi1', 'u1', 270, 90, 30, 60, 25, 0, 100),
(2, 'Qi1 u2', '0, 255, 255', 5, 20, 'vacuno, equino, ovino y caprino', 'Qi1', 'u2',270, 90, 30, 60, 25, 25, 75),
(3, 'Qi1 u3', '102, 153, 255', 10, 15, 'vacuno, equino, ovino y caprino', 'Qi1', 'u3', 270, 90, 30, 60, 25, 50 ,50),
(4, 'Qi2 u1', '0, 255, 0', 0, 40, 'porcino/montanera', 'Qi2', 'u1', 270, 90, 50, 100, 40, 0, 100),
(5, 'Qi2 u2', '204, 255, 204', 10, 30, 'porcino/montanera', 'Qi2', 'u2', 270, 90, 50, 100, 40, 25, 75),
(6, 'Qi2 u3', '255, 204, 255', 15, 25, 'porcino/montanera', 'Qi2', 'u3', 270, 90, 50, 100, 40, 50, 50),
(7, 'Qi3 u1', '102, 255, 51', 0, 50, 'cinegético', 'Qi3', 'u1', 270, 90, 60, 120, 50, 0, 100),
(8, 'Qi3 u2', '255, 153, 153', 15, 35, 'cinegético', 'Qi3', 'u2', 270, 90, 60, 120, 50, 25, 75),
(9, 'Qi3 u3', '255, 153, 102', 20, 30, 'cinegético', 'Qi3', 'u3', 270, 90, 60, 120, 50, 50, 50 ),
(10, 'Qs1 u1', '0, 204, 102', 0, 25, 'vacuno, equino, ovino y caprino', 'Qs1', 'u1', 150, 50, 30, 50, 25 , 0, 100),
(11, 'Qs1 u2', '128, 128, 0', 5, 20, 'vacuno, equino, ovino y caprino', 'Qs1', 'u2', 150, 50, 30, 50, 25, 25, 75),
(12, 'Qs1 u3', '51, 153, 51', 10, 15, 'vacuno, equino, ovino y caprino', 'Qs1', 'u3', 150, 50, 30, 50, 25, 50, 50),
(13, 'Qs2 u1', '255, 0, 102', 0, 55, 'cinegético y corchero', 'Qs2', 'u1', 150, 50, 70, 110, 55, 0, 100),
(14, 'Qs2 u2', '204, 0, 102', 15, 40, 'cinegético y corchero', 'Qs2', 'u2', 150, 50, 70, 110, 55, 25, 75),
(15, 'Qs2 u3', '204, 102, 0', 20, 35, 'cinegético y corchero', 'Qs2', 'u3', 150, 50, 70, 100, 55, 50, 50),
(16, 'Qx1 u1', '51, 51, 255', 0, 30, 'vacuno, equino, ovino y caprino', 'Qx1', 'u1', 150, 50, 30, 65, 30, 0, 100),
(17, 'Qx1 u2', '153, 0, 204', 5, 25, 'vacuno, equino, ovino y caprino', 'Qx1', 'u2', 150, 50, 30, 65, 30, 25, 75),
(18, 'Qx1 u3', '204, 0, 153', 10, 20, 'vacuno, equino, ovino y caprino', 'Qx1', 'u3', 150, 50, 30, 65, 30, 50, 50),
(19, 'Qx2 u1', '102, 102, 153', 0, 50, 'porcino/montanera', 'Qx2', 'u1', 150, 50, 50, 110, 50, 0, 100),
(20, 'Qx2 u2', '153, 51, 102', 15, 35, 'porcino/montanera', 'Qx2', 'u2', 150, 50, 50,110, 50, 25, 75),
(21, 'Qx2 u3', '204, 204, 255', 20, 30, 'porcino/montanera', 'Qx2', 'u3', 150, 50, 50,100,50, 50, 50),
(22, 'Qx3 u1', '204, 0, 153', 0, 70, 'cinegético', 'Qx3', 'u1', 150, 50, 70, 155,70, 0, 100),
(23, 'Qx3 u2', '0, 102, 102', 20, 50, 'cinegético' , 'Qx3', 'u2', 150, 50, 70, 155,70, 25, 75),
(24, 'Qx3 u3', '0, 0, 204', 30, 40, 'cinegético', 'Qx3', 'u2', 150, 50, 70, 155,70, 50, 50);


INSERT INTO provincia (`cod_provincia`, `nombre`) VALUES
(02,'Albacete'),
(03,'Alicante/Alacant'),
(04,'Almería'),
(01,'Araba/Álava'),
(33,'Asturias'),
(05,'Ávila'),
(06,'Badajoz'),
(07,'Balears, Illes'),
(08,'Barcelona'),
(48,'Bizkaia'),
(09,'Burgos'),
(10,'Cáceres'),
(11,'Cádiz'),
(39,'Cantabria'),
(12,'Castellón/Castelló'),
(13,'Ciudad Real'),
(14,'Córdoba'),
(15,'Coruña, A'),
(16,'Cuenca'),
(20,'Gipuzkoa'),
(17,'Girona'),
(18,'Granada'),
(19,'Guadalajara'),
(21,'Huelva'),
(22,'Huesca'),
(23,'Jaén'),
(24,'León'),
(25,'Lleida'),
(27,'Lugo'),
(28,'Madrid'),
(29,'Málaga'),
(30,'Murcia'),
(31,'Navarra'),
(32,'Ourense'),
(34,'Palencia'),
(35,'Palmas, Las'),
(36,'Pontevedra'),
(26,'Rioja, La'),
(37,'Salamanca'),
(38,'Santa Cruz de Tenerife'),
(40,'Segovia'),
(41,'Sevilla'),
(42,'Soria'),
(43,'Tarragona'),
(44,'Teruel'),
(45,'Toledo'),
(46,'Valencia/València'),
(47,'Valladolid'),
(49,'Zamora'),
(50,'Zaragoza'),
(51,'Ceuta'),
(52,'Melilla');

INSERT INTO municipio values
(6491,2,'Abadía',001),
(6492,2,'Abertura',002),
(6493,2,'Acebo',003),
(6494,2,'Acehúche',004),
(6495,2,'Aceituna',005),
(6496,2,'Ahigal',006),
(6497,2,'Albalá',007),
(6498,2,'Alcántara',008),
(6499,2,'Alcollarín',009),
(6500,2,'Alcuéscar',010),
(6501,2,'Aldeacentenera',011),
(6502,2,'Aldea del Cano',012),
(6503,2,'Aldea del Obispo (La)',013),
(6504,2,'Aldeanueva de la Vera',014),
(6505,2,'Aldeanueva del Camino',015),
(6506,2,'Aldehuela de Jerte',016),
(6507,2,'Alía',017),
(6508,2,'Aliseda',018),
(6509,2,'Almaraz',019),
(6510,2,'Almoharín',020),
(6511,2,'Arroyo de la Luz',021),
(6512,2,'Arroyomolinos de la Vera',022),
(6513,2,'Arroyomolinos',023),
(6514,2,'Baños de Montemayor',024),
(6515,2,'Barrado',025),
(6516,2,'Belvís de Monroy',026),
(6517,2,'Benquerencia',027),
(6518,2,'Berrocalejo',028),
(6519,2,'Berzocana',029),
(6520,2,'Bohonal de Ibor',030),
(6521,2,'Botija',031),
(6522,2,'Brozas',032),
(6523,2,'Cabañas del Castillo',033),
(6524,2,'Cabezabellosa',034),
(6525,2,'Cabezuela del Valle',035),
(6526,2,'Cabrero',036),
(6527,2,'Cáceres',037),
(6528,2,'Cachorrilla',038),
(6529,2,'Cadalso',039),
(6530,2,'Calzadilla',040),
(6531,2,'Caminomorisco',041),
(6532,2,'Campillo de Deleitosa',042),
(6533,2,'Campo Lugar',043),
(6534,2,'Cañamero',044),
(6535,2,'Cañaveral',045),
(6536,2,'Carbajo',046),
(6537,2,'Carcaboso',047),
(6538,2,'Carrascalejo',048),
(6539,2,'Casar de Cáceres',049),
(6540,2,'Casar de Palomero',050),
(6541,2,'Casares de las Hurdes',051),
(6542,2,'Casas de Don Antonio',052),
(6543,2,'Casas de Don Gómez',053),
(6544,2,'Casas del Castañar',054),
(6545,2,'Casas del Monte',055),
(6546,2,'Casas de Millán',056),
(6547,2,'Casas de Miravete',057),
(6548,2,'Casatejada',058),
(6549,2,'Casillas de Coria',059),
(6550,2,'Castañar de Ibor',060),
(6551,2,'Ceclavín',061),
(6552,2,'Cedillo',062),
(6553,2,'Cerezo',063),
(6554,2,'Cilleros',064),
(6555,2,'Collado',065),
(6556,2,'Conquista de la Sierra',066),
(6557,2,'Coria',067),
(6558,2,'Cuacos de Yuste',068),
(6559,2,'Cumbre (La)',069),
(6560,2,'Deleitosa',070),
(6561,2,'Descargamaría',071),
(6562,2,'Eljas',072),
(6563,2,'Escurial',073),
(6564,2,'Fresnedoso de Ibor',075),
(6565,2,'Galisteo',076),
(6566,2,'Garciaz',077),
(6567,2,'Garganta (La)',078),
(6568,2,'Garganta la Olla',079),
(6569,2,'Gargantilla',080),
(6570,2,'Gargüera',081),
(6571,2,'Garrovillas de Alconétar',082),
(6572,2,'Garvín',083),
(6573,2,'Gata',084),
(6574,2,'Gordo (El)',085),
(6575,2,'Granja (La)',086),
(6576,2,'Guadalupe',087),
(6577,2,'Guijo de Coria',088),
(6578,2,'Guijo de Galisteo',089),
(6579,2,'Guijo de Granadilla',090),
(6580,2,'Guijo de Santa Bárbara',091),
(6581,2,'Herguijuela',092),
(6582,2,'Hernán-Pérez',093),
(6583,2,'Herrera de Alcántara',094),
(6584,2,'Herreruela',095),
(6585,2,'Hervás',096),
(6586,2,'Higuera',097),
(6587,2,'Hinojal',098),
(6588,2,'Holguera',099),
(6589,2,'Hoyos',100),
(6590,2,'Huélaga',101),
(6591,2,'Ibahernando',102),
(6592,2,'Jaraicejo',103),
(6593,2,'Jaraíz de la Vera',104),
(6594,2,'Jarandilla de la Vera',105),
(6595,2,'Jarilla',106),
(6596,2,'Jerte',107),
(6597,2,'Ladrillar',108),
(6598,2,'Logrosán',109),
(6599,2,'Losar de la Vera',110),
(6600,2,'Madrigal de la Vera',111),
(6601,2,'Madrigalejo',112),
(6602,2,'Madroñera',113),
(6603,2,'Majadas',114),
(6604,2,'Malpartida de Cáceres',115),
(6605,2,'Malpartida de Plasencia',116),
(6606,2,'Marchagaz',117),
(6607,2,'Mata de Alcántara',118),
(6608,2,'Membrío',119),
(6609,2,'Mesas de Ibor',120),
(6610,2,'Miajadas',121),
(6611,2,'Millanes',122),
(6612,2,'Mirabel',123),
(6613,2,'Mohedas de Granadilla',124),
(6614,2,'Monroy',125),
(6615,2,'Montánchez',126),
(6616,2,'Montehermoso',127),
(6617,2,'Moraleja',128),
(6618,2,'Morcillo',129),
(6619,2,'Navaconcejo',130),
(6620,2,'Navalmoral de la Mata',131),
(6621,2,'Navalvillar de Ibor',132),
(6622,2,'Navas del Madroño',133),
(6623,2,'Navezuelas',134),
(6624,2,'Nuñomoral',135),
(6625,2,'Oliva de Plasencia',136),
(6626,2,'Palomero',137),
(6627,2,'Pasarón de la Vera',138),
(6628,2,'Pedroso de Acim',139),
(6629,2,'Peraleda de la Mata',140),
(6630,2,'Peraleda de San Román',141),
(6631,2,'Perales del Puerto',142),
(6632,2,'Pescueza',143),
(6633,2,'Pesga (La)',144),
(6634,2,'Piedras Albas',145),
(6635,2,'Pinofranqueado',146),
(6636,2,'Piornal',147),
(6637,2,'Plasencia',148),
(6638,2,'Plasenzuela',149),
(6639,2,'Portaje',150),
(6640,2,'Portezuelo',151),
(6641,2,'Pozuelo de Zarzón',152),
(6642,2,'Puerto de Santa Cruz',153),
(6643,2,'Rebollar',154),
(6644,2,'Riolobos',155),
(6645,2,'Robledillo de Gata',156),
(6646,2,'Robledillo de la Vera',157),
(6647,2,'Robledillo de Trujillo',158),
(6648,2,'Robledollano',159),
(6649,2,'Romangordo',160),
(6650,2,'Ruanes',161),
(6651,2,'Salorino',162),
(6652,2,'Salvatierra de Santiago',163),
(6653,2,'San Martín de Trevejo',164),
(6654,2,'Santa Ana',165),
(6655,2,'Santa Cruz de la Sierra',166),
(6656,2,'Santa Cruz de Paniagua',167),
(6657,2,'Santa Marta de Magasca',168),
(6658,2,'Santiago de Alcántara',169),
(6659,2,'Santiago del Campo',170),
(6660,2,'Santibáñez el Alto',171),
(6661,2,'Santibáñez el Bajo',172),
(6662,2,'Saucedilla',173),
(6663,2,'Segura de Toro',174),
(6664,2,'Serradilla',175),
(6665,2,'Serrejón',176),
(6666,2,'Sierra de Fuentes',177),
(6667,2,'Talaván',178),
(6668,2,'Talaveruela de la Vera',179),
(6669,2,'Talayuela',180),
(6670,2,'Tejeda de Tiétar',181),
(6671,2,'Toril',182),
(6672,2,'Tornavacas',183),
(6673,2,'Torno (El)',184),
(6674,2,'Torrecilla de los Ángeles',185),
(6675,2,'Torrecillas de la Tiesa',186),
(6676,2,'Torre de Don Miguel',187),
(6677,2,'Torre de Santa María',188),
(6678,2,'Torrejoncillo',189),
(6679,2,'Torrejón el Rubio',190),
(6680,2,'Torremenga',191),
(6681,2,'Torremocha',192),
(6682,2,'Torreorgaz',193),
(6683,2,'Torrequemada',194),
(6684,2,'Trujillo',195),
(6685,2,'Valdastillas',196),
(6686,2,'Valdecañas de Tajo',197),
(6687,2,'Valdefuentes',198),
(6688,2,'Valdehúncar',199),
(6689,2,'Valdelacasa de Tajo',200),
(6690,2,'Valdemorales',201),
(6691,2,'Valdeobispo',202),
(6692,2,'Valencia de Alcántara',203),
(6693,2,'Valverde de la Vera',204),
(6694,2,'Valverde del Fresno',205),
(6695,2,'Viandar de la Vera',206),
(6696,2,'Villa del Campo',207),
(6697,2,'Villa del Rey',208),
(6698,2,'Villamesías',209),
(6699,2,'Villamiel',210),
(6700,2,'Villanueva de la Sierra',211),
(6701,2,'Villanueva de la Vera',212),
(6702,2,'Villar del Pedroso',213),
(6703,2,'Villar de Plasencia',214),
(6704,2,'Villasbuenas de Gata',215),
(6705,2,'Zarza de Granadilla',216),
(6706,2,'Zarza de Montánchez',217),
(6707,2,'Zarza la Mayor',218),
(6708,2,'Zorita',219),
(6709,2,'Rosalejo',901),
(6710,1,'Acedera',001),
(6711,1,'Aceuchal',002),
(6712,1,'Ahillones',003),
(6713,1,'Alange',004),
(6714,1,'Albuera (La)',005),
(6715,1,'Alburquerque',006),
(6716,1,'Alconchel',007),
(6717,1,'Alconera',008),
(6718,1,'Aljucén',009),
(6719,1,'Almendral',010),
(6720,1,'Almendralejo',011),
(6721,1,'Arroyo de San Serván',012),
(6722,1,'Atalaya',013),
(6723,1,'Azuaga',014),
(6724,1,'Badajoz',015),
(6725,1,'Barcarrota',016),
(6726,1,'Baterno',017),
(6727,1,'Benquerencia de la Serena',018),
(6728,1,'Berlanga',019),
(6729,1,'Bienvenida',020),
(6730,1,'Bodonal de la Sierra',021),
(6731,1,'Burguillos del Cerro',022),
(6732,1,'Cabeza del Buey',023),
(6733,1,'Cabeza la Vaca',024),
(6734,1,'Calamonte',025),
(6735,1,'Calera de León',026),
(6736,1,'Calzadilla de los Barros',027),
(6737,1,'Campanario',028),
(6738,1,'Campillo de Llerena',029),
(6739,1,'Capilla',030),
(6740,1,'Carmonita',031),
(6741,1,'Carrascalejo (El)',032),
(6742,1,'Casas de Don Pedro',033),
(6743,1,'Casas de Reina',034),
(6744,1,'Castilblanco',035),
(6745,1,'Castuera',036),
(6746,1,'Codosera (La)',037),
(6747,1,'Cordobilla de Lácara',038),
(6748,1,'Coronada (La)',039),
(6749,1,'Corte de Peleas',040),
(6750,1,'Cristina',041),
(6751,1,'Cheles',042),
(6752,1,'Don Álvaro',043),
(6753,1,'Don Benito',044),
(6754,1,'Entrín Bajo',045),
(6755,1,'Esparragalejo',046),
(6756,1,'Esparragosa de la Serena',047),
(6757,1,'Esparragosa de Lares',048),
(6758,1,'Feria',049),
(6759,1,'Fregenal de la Sierra',050),
(6760,1,'Fuenlabrada de los Montes',051),
(6761,1,'Fuente de Cantos',052),
(6762,1,'Fuente del Arco',053),
(6763,1,'Fuente del Maestre',054),
(6764,1,'Fuentes de León',055),
(6765,1,'Garbayuela',056),
(6766,1,'Garlitos',057),
(6767,1,'Garrovilla (La)',058),
(6768,1,'Granja de Torrehermosa',059),
(6769,1,'Guareña',060),
(6770,1,'Haba (La)',061),
(6771,1,'Helechosa de los Montes',062),
(6772,1,'Herrera del Duque',063),
(6773,1,'Higuera de la Serena',064),
(6774,1,'Higuera de Llerena',065),
(6775,1,'Higuera de Vargas',066),
(6776,1,'Higuera la Real',067),
(6777,1,'Hinojosa del Valle',068),
(6778,1,'Hornachos',069),
(6779,1,'Jerez de los Caballeros',070),
(6780,1,'Lapa (La)',071),
(6781,1,'Lobón',072),
(6782,1,'Llera',073),
(6783,1,'Llerena',074),
(6784,1,'Magacela',075),
(6785,1,'Maguilla',076),
(6786,1,'Malcocinado',077),
(6787,1,'Malpartida de la Serena',078),
(6788,1,'Manchita',079),
(6789,1,'Medellín',080),
(6790,1,'Medina de las Torres',081),
(6791,1,'Mengabril',082),
(6792,1,'Mérida',083),
(6793,1,'Mirandilla',084),
(6794,1,'Monesterio',085),
(6795,1,'Montemolín',086),
(6796,1,'Monterrubio de la Serena',087),
(6797,1,'Montijo',088),
(6798,1,'Morera (La)',089),
(6799,1,'Nava de Santiago (La)',090),
(6800,1,'Navalvillar de Pela',091),
(6801,1,'Nogales',092),
(6802,1,'Oliva de la Frontera',093),
(6803,1,'Oliva de Mérida',094),
(6804,1,'Olivenza',095),
(6805,1,'Orellana de la Sierra',096),
(6806,1,'Orellana la Vieja',097),
(6807,1,'Palomas',098),
(6808,1,'Parra (La)',099),
(6809,1,'Peñalsordo',100),
(6810,1,'Peraleda del Zaucejo',101),
(6811,1,'Puebla de Alcocer',102),
(6812,1,'Puebla de la Calzada',103),
(6813,1,'Puebla de la Reina',104),
(6814,1,'Puebla del Maestre',105),
(6815,1,'Puebla del Prior',106),
(6816,1,'Puebla de Obando',107),
(6817,1,'Puebla de Sancho Pérez',108),
(6818,1,'Quintana de la Serena',109),
(6819,1,'Reina',110),
(6820,1,'Rena',111),
(6821,1,'Retamal de Llerena',112),
(6822,1,'Ribera del Fresno',113),
(6823,1,'Risco',114),
(6824,1,'Roca de la Sierra (La)',115),
(6825,1,'Salvaleón',116),
(6826,1,'Salvatierra de los Barros',117),
(6827,1,'Sancti-Spíritus',118),
(6828,1,'San Pedro de Mérida',119),
(6829,1,'Santa Amalia',120),
(6830,1,'Santa Marta',121),
(6831,1,'Santos de Maimona (Los)',122),
(6832,1,'San Vicente de Alcántara',123),
(6833,1,'Segura de León',124),
(6834,1,'Siruela',125),
(6835,1,'Solana de los Barros',126),
(6836,1,'Talarrubias',127),
(6837,1,'Talavera la Real',128),
(6838,1,'Táliga',129),
(6839,1,'Tamurejo',130),
(6840,1,'Torre de Miguel Sesmero',131),
(6841,1,'Torremayor',132),
(6842,1,'Torremejía',133),
(6843,1,'Trasierra',134),
(6844,1,'Trujillanos',135),
(6845,1,'Usagre',136),
(6846,1,'Valdecaballeros',137),
(6847,1,'Valdetorres',138),
(6848,1,'Valencia de las Torres',139),
(6849,1,'Valencia del Mombuey',140),
(6850,1,'Valencia del Ventoso',141),
(6851,1,'Valverde de Burguillos',142),
(6852,1,'Valverde de Leganés',143),
(6853,1,'Valverde de Llerena',144),
(6854,1,'Valverde de Mérida',145),
(6855,1,'Valle de la Serena',146),
(6856,1,'Valle de Matamoros',147),
(6857,1,'Valle de Santa Ana',148),
(6858,1,'Villafranca de los Barros',149),
(6859,1,'Villagarcía de la Torre',150),
(6860,1,'Villagonzalo',151),
(6861,1,'Villalba de los Barros',152),
(6862,1,'Villanueva de la Serena',153),
(6863,1,'Villanueva del Fresno',154),
(6864,1,'Villar del Rey',155),
(6865,1,'Villar de Rena',156),
(6866,1,'Villarta de los Montes',157),
(6867,1,'Zafra',158),
(6868,1,'Zahínos',159),
(6869,1,'Zalamea de la Serena',160),
(6870,1,'Zarza-Capilla',161),
(6871,1,'Zarza (La)',162),
(6872,1,'Valdelacalzada',901),
(6873,1,'Pueblonuevo del Guadiana',902);

INSERT INTO poblacion values
(48891,6491,'ABADIA',0001),
(48892,6492,'ABERTURA',0001),
(48893,6493,'ACEBO',0001),
(48894,6494,'ACEHUCHE',0001),
(48895,6495,'ACEITUNA',0001),
(48896,6496,'AHIGAL',0001),
(48897,6497,'ALBALA',0001),
(48898,6498,'ALCANTARA',0001),
(48899,6498,'ESTORNINOS',0002),
(48900,6498,'POBLADO DE IBERDROLA',0003),
(48901,6499,'ALCOLLARIN',0001),
(48902,6500,'ALCUESCAR',0001),
(48903,6501,'ALDEACENTENERA',0001),
(48904,6502,'ALDEA DEL CANO',0001),
(48905,6503,'ALDEA DEL OBISPO (LA)',0001),
(48906,6504,'ALDEANUEVA DE LA VERA',0001),
(48907,6505,'ALDEANUEVA DEL CAMINO',0001),
(48908,6506,'ALDEHUELA DEL JERTE',0001),
(48909,6507,'ALIA',0001),
(48910,6507,'CALERA (LA)',0003),
(48911,6507,'GUADISA',0004),
(48912,6507,'PANTANO DE CIJARA',0005),
(48913,6507,'PUERTO DEL REY',0006),
(48914,6508,'ALISEDA',0001),
(48915,6509,'ALMARAZ',0001),
(48916,6510,'ALMOHARIN',0001),
(48917,6511,'ARROYO DE LA LUZ',0001),
(48918,6512,'ARROYOMOLINOS DE LA VERA',0001),
(48919,6513,'ARROYOMOLINOS',0001),
(48920,6514,'BAÑOS',0001),
(48921,6515,'BARRADO',0001),
(48922,6516,'BELVIS DE MONROY',0001),
(48923,6516,'CASAS DE BELVIS',0002),
(48924,6517,'BENQUERENCIA',0001),
(48925,6518,'BERROCALEJO',0001),
(48926,6519,'BERZOCANA',0001),
(48927,6520,'BOHONAL DE IBOR',0001),
(48928,6521,'BOTIJA',0001),
(48929,6522,'BROZAS',0001),
(48930,6523,'CABAÑAS DEL CASTILLO',0001),
(48931,6523,'RETAMOSA',0002),
(48932,6523,'ROTURAS',0003),
(48933,6523,'SOLANA',0004),
(48934,6524,'CABEZABELLOSA',0001),
(48935,6525,'CABEZUELA DEL VALLE',0001),
(48936,6526,'CABRERO',0001),
(48937,6527,'CACERES',0001),
(48938,6527,'ESTACION DE ARROYO-MALPARTIDA',0002),
(48939,6527,'RINCON DE BALLESTEROS',0003),
(48940,6527,'VALDESALOR',0004),
(48941,6528,'CACHORRILLA',0001),
(48942,6529,'CADALSO',0001),
(48943,6530,'CALZADILLA',0001),
(48944,6531,'ARROLOBOS',0001),
(48945,6531,'CAMBRON',0002),
(48946,6531,'CAMBRONCINO',0003),
(48947,6531,'CAMINOMORISCO',0004),
(48948,6531,'DEHESILLA',0005),
(48949,6531,'HUERTA',0006),
(48950,6531,'RIOMALO DE ABAJO',0007),
(48951,6532,'CAMPILLO DE DELEITOSA',0001),
(48952,6533,'CAMPO LUGAR',0001),
(48953,6533,'PIZARRO',0002),
(48954,6534,'CAÑAMERO',0001),
(48955,6535,'CAÑAVERAL',0001),
(48956,6535,'ESTACION (LA)',0002),
(48957,6535,'GRIMALDO',0003),
(48958,6536,'CARBAJO',0001),
(48959,6537,'CARCABOSO',0001),
(48960,6537,'VALDERROSAS',0002),
(48961,6538,'CARRASCALEJO',0001),
(48962,6539,'CASAR DE CACERES',0001),
(48963,6539,'PERALA (LA)',0002),
(48964,6540,'AZABAL',0001),
(48965,6540,'CASAR DE PALOMERO',0002),
(48966,6540,'PEDRO-MUÑOZ',0003),
(48967,6540,'RIVERA OVEJA',0004),
(48968,6541,'CARABUSINO',0001),
(48969,6541,'CASARRUBIA',0002),
(48970,6541,'CASARES DE LAS HURDES',0003),
(48971,6541,'HERAS',0004),
(48972,6541,'HUETRE',0005),
(48973,6541,'ROBLEDO',0006),
(48974,6542,'CASAS DE DON ANTONIO',0001),
(48975,6543,'CASAS DE DON GOMEZ',0001),
(48976,6544,'CASAS DEL CASTAÑAR',0001),
(48977,6545,'CASAS DEL MONTE',0001),
(48978,6546,'CASAS DE MILLAN',0001),
(48979,6547,'CASAS DE MIRAVETE',0001),
(48980,6548,'BALDIO',0001),
(48981,6548,'CASATEJADA',0002),
(48982,6549,'CASILLAS DE CORIA',0001),
(48983,6550,'CASTAÑAR DE IBOR',0001),
(48984,6551,'CECLAVIN',0001),
(48985,6552,'CEDILLO',0001),
(48986,6553,'CEREZO',0001),
(48987,6554,'CILLEROS',0001),
(48988,6555,'COLLADO',0001),
(48989,6555,'VEGA DE MESILLAS',0002),
(48990,6556,'CONQUISTA DE LA SIERRA',0001),
(48991,6557,'CORIA',0001),
(48992,6557,'PUEBLA DE ARGEME',0002),
(48993,6557,'RINCON DEL OBISPO',0003),
(48994,6558,'CUACOS DE YUSTE',0001),
(48995,6559,'CUMBRE (LA)',0001),
(48996,6560,'DELEITOSA',0001),
(48997,6561,'DESCARGAMARIA',0001),
(48998,6562,'ELJAS',0001),
(48999,6562,'SOTO (EL)',0002),
(49000,6563,'ESCURIAL',0001),
(49001,6564,'FRESNEDOSO DE IBOR',0001),
(49002,6565,'ALAGON',0001),
(49003,6565,'AVARIENTOS',0002),
(49004,6565,'FUENTE DEL SAPO',0003),
(49005,6565,'GALISTEO',0004),
(49006,6565,'RINCON (EL)',0005),
(49007,6565,'SARTALEJO',0006),
(49008,6565,'VIÑUELAS',0007),
(49009,6565,'JARILLA DEL SUR',0008),
(49010,6566,'GARCIAZ',0001),
(49011,6567,'GARGANTA (LA)',0001),
(49012,6568,'GARGANTA LA OLLA',0001),
(49013,6569,'GARGANTILLA',0001),
(49014,6570,'GARGÜERA',0001),
(49015,6571,'GARROVILLAS DE ALCONETAR',0001),
(49016,6572,'GARVIN',0001),
(49017,6573,'GATA',0001),
(49018,6573,'MOHEDA DE GATA (LA)',0002),
(49019,6574,'GORDO (EL)',0001),
(49020,6575,'GRANJA (LA)',0001),
(49021,6576,'GUADALUPE',0001),
(49022,6577,'GUIJO DE CORIA',0001),
(49023,6578,'BATAN (EL)',0001),
(49024,6578,'GUIJO DE GALISTEO',0002),
(49025,6578,'VALRIO',0003),
(49026,6579,'GUIJO DE GRANADILLA',0001),
(49027,6579,'PANTANO DE GABRIEL Y GALAN',0002),
(49028,6580,'GUIJO DE SANTA BARBARA',0001),
(49029,6581,'HERGUIJUELA',0001),
(49030,6582,'HERNAN-PEREZ',0001),
(49031,6583,'HERRERA DE ALCANTARA',0001),
(49032,6584,'HERRERUELA',0001),
(49033,6585,'HERVAS',0001),
(49034,6586,'HIGUERA',0001),
(49035,6587,'HINOJAL',0001),
(49036,6588,'HOLGUERA',0001),
(49037,6589,'HOYOS',0001),
(49038,6590,'HUELAGA',0001),
(49039,6591,'IBAHERNANDO',0001),
(49040,6592,'JARAICEJO',0001),
(49041,6593,'JARAIZ DE LA VERA',0001),
(49042,6594,'JARANDILLA DE LA VERA',0001),
(49043,6595,'JARILLA',0001),
(49044,6596,'JERTE',0001),
(49045,6597,'CABEZO',0001),
(49046,6597,'LADRILLAR',0002),
(49047,6597,'MESTAS (LAS)',0003),
(49048,6597,'RIOMALO DE ARRIBA',0004),
(49049,6598,'LOGROSAN',0001),
(49050,6599,'LOSAR DE LA VERA',0001),
(49051,6600,'MADRIGAL DE LA VERA',0001),
(49052,6601,'MADRIGALEJO',0001),
(49053,6602,'MADROÑERA',0001),
(49054,6603,'MAJADAS',0001),
(49055,6604,'MALPARTIDA DE CACERES',0001),
(49056,6605,'BAZAGONA (LA)',0001),
(49057,6605,'HAZA DE LA CONCEPCION',0002),
(49058,6605,'MALPARTIDA DE PLASENCIA',0003),
(49059,6605,'PALAZUELO-EMPALME',0004),
(49060,6605,'PANTANO DE NAVABUENA',0005),
(49061,6605,'URDIMALAS',0006),
(49062,6606,'MARCHAGAZ',0001),
(49063,6607,'MATA DE ALCANTARA',0001),
(49064,6608,'MEMBRIO',0001),
(49065,6609,'MESAS DE IBOR',0001),
(49066,6610,'ALONSO DE OJEDA',0001),
(49067,6610,'CASAR DE MIAJADAS',0002),
(49068,6610,'MIAJADAS',0003),
(49069,6611,'MILLANES',0001),
(49070,6612,'MIRABEL',0001),
(49071,6613,'MOHEDAS DE GRANADILLA',0001),
(49072,6614,'MONROY',0001),
(49073,6615,'MONTANCHEZ',0001),
(49074,6616,'ATALAYA',0001),
(49075,6616,'MONTEHERMOSO',0002),
(49076,6616,'VALRIO',0003),
(49077,6617,'MORALEJA',0004),
(49078,6617,'VEGAVIANA',0009),
(49079,6618,'MORCILLO',0001),
(49080,6619,'NAVACONCEJO',0001),
(49081,6620,'NAVALMORAL DE LA MATA',0001),
(49082,6621,'NAVALVILLAR DE IBOR',0001),
(49083,6622,'NAVAS DEL MADROÑO',0001),
(49084,6623,'NAVEZUELAS',0001),
(49085,6624,'ACEITUNILLA',0001),
(49086,6624,'ASEGUR',0002),
(49087,6624,'CEREZAL',0003),
(49088,6624,'FRAGOSA',0004),
(49089,6624,'GASCO (EL)',0005),
(49090,6624,'MARTILANDRAN',0006),
(49091,6624,'NUÑOMORAL',0007),
(49092,6624,'RUBIACO',0008),
(49093,6624,'VEGAS DE CORIA',0009),
(49094,6625,'ALMENDRAL',0001),
(49095,6625,'OLIVA DE PLASENCIA',0002),
(49096,6626,'PALOMERO',0001),
(49097,6627,'PASARON DE LA VERA',0001),
(49098,6628,'PEDROSO DE ACIM',0001),
(49099,6629,'PERALEDA DE LA MATA',0001),
(49100,6630,'PERALEDA DE SAN ROMAN',0001),
(49101,6631,'PERALES DEL PUERTO',0001),
(49102,6632,'PESCUEZA',0001),
(49103,6633,'PESGA (LA)',0001),
(49104,6634,'PIEDRAS ALBAS',0001),
(49105,6635,'ALDEHUELA',0001),
(49106,6635,'AVELLANAR',0002),
(49107,6635,'CASTILLO',0003),
(49108,6635,'ERIAS',0004),
(49109,6635,'HORCAJO',0005),
(49110,6635,'MESEGAL',0006),
(49111,6635,'MUELA',0007),
(49112,6635,'OVEJUELA',0008),
(49113,6635,'PINOFRANQUEADO',0009),
(49114,6635,'ROBLEDO',0010),
(49115,6635,'SAUCEDA',0011),
(49116,6636,'PIORNAL',0001),
(49117,6637,'PLASENCIA',0001),
(49118,6637,'PRADOCHANO',0002),
(49119,6637,'SAN GIL',0003),
(49120,6638,'PLASENZUELA',0001),
(49121,6639,'PORTAJE',0001),
(49122,6640,'PORTEZUELO',0001),
(49123,6641,'POZUELO DE ZARZON',0001),
(49124,6642,'PUERTO DE SANTA CRUZ',0001),
(49125,6643,'REBOLLAR',0001),
(49126,6644,'PAJARES DE LA RIVERA',0001),
(49127,6644,'RIOLOBOS',0002),
(49128,6645,'ROBLEDILLO DE GATA',0001),
(49129,6646,'ROBLEDILLO DE LA VERA',0001),
(49130,6647,'ROBLEDILLO DE TRUJILLO',0001),
(49131,6648,'ROBLEDOLLANO',0001),
(49132,6649,'ROMANGORDO',0001),
(49133,6650,'RUANES',0001),
(49134,6651,'SALORINO',0001),
(49135,6652,'SALVATIERRA DE SANTIAGO',0001),
(49136,6653,'SAN MARTIN DE TREVEJO',0001),
(49137,6654,'SANTA ANA',0001),
(49138,6655,'SANTA CRUZ DE LA SIERRA',0001),
(49139,6656,'BRONCO (EL)',0001),
(49140,6656,'SANTA CRUZ DE PANIAGUA',0002),
(49141,6657,'SANTA MARTA DE MAGASCA',0001),
(49142,6658,'SANTIAGO DE ALCANTARA',0001),
(49143,6659,'SANTIAGO DEL CAMPO',0001),
(49144,6660,'SANTIBAÑEZ EL ALTO',0001),
(49145,6661,'SANTIBAÑEZ EL BAJO',0001),
(49146,6662,'SAUCEDILLA',0001),
(49147,6663,'SEGURA DE TORO',0001),
(49148,6664,'SERRADILLA',0001),
(49149,6664,'VILLARREAL DE SAN CARLOS',0002),
(49150,6665,'SERREJON',0001),
(49151,6666,'SIERRA DE FUENTES',0001),
(49152,6667,'TALAVAN',0001),
(49153,6668,'TALAVERUELA DE LA VERA',0001),
(49154,6669,'BARQUILLA (LA)',0001),
(49155,6669,'BARQUILLA DE PINARES',0002),
(49156,6669,'CENTENILLO (EL)',0003),
(49157,6669,'PUEBLONUEVO DE MIRAMONTES',0007),
(49158,6669,'SANTA MARIA DE LAS LOMAS',0009),
(49159,6669,'TALAYUELA',0010),
(49160,6669,'TIETAR',0011),
(49161,6669,'PALANCOSO',0012),
(49162,6670,'TEJEDA DE TIETAR',0001),
(49163,6670,'VALDEIÑIGOS',0002),
(49164,6671,'HERGUIJUELA (LA)',0001),
(49165,6671,'MAULIQUE',0002),
(49166,6671,'MIRABEL',0003),
(49167,6671,'SALTO DE TORREJON',0004),
(49168,6671,'TORIL',0005),
(49169,6672,'TORNAVACAS',0001),
(49170,6673,'TORNO (EL)',0001),
(49171,6674,'TORRECILLA DE LOS ANGELES',0001),
(49172,6675,'TORRECILLAS DE LA TIESA',0001),
(49173,6676,'TORRE DE DON MIGUEL',0001),
(49174,6677,'TORRE DE SANTA MARIA',0001),
(49175,6678,'TORREJONCILLO',0001),
(49176,6678,'VALDENCIN',0002),
(49177,6679,'TORREJON EL RUBIO',0001),
(49178,6680,'TORREMENGA',0001),
(49179,6681,'TORREMOCHA',0001),
(49180,6682,'TORREORGAZ',0001),
(49181,6683,'TORREQUEMADA',0001),
(49182,6684,'BELEN',0001),
(49183,6684,'HUERTAS DE LA MAGDALENA',0002),
(49184,6684,'PAGO DE SAN CLEMENTE',0003),
(49185,6684,'TRUJILLO',0004),
(49186,6685,'VALDASTILLAS',0001),
(49187,6686,'VALDECAÑAS DE TAJO',0001),
(49188,6686,'VALDEMORENO',0002),
(49189,6687,'VALDEFUENTES',0001),
(49190,6688,'VALDEHUNCAR',0001),
(49191,6689,'VALDELACASA DE TAJO',0001),
(49192,6690,'VALDEMORALES',0001),
(49193,6691,'VALDEOBISPO',0001),
(49194,6692,'ALCORNEO',0001),
(49195,6692,'ACEÑA DE LA BORREGA (LA)',0002),
(49196,6692,'CASIÑAS (LAS)',0003),
(49197,6692,'ESTACION FERROCARRIL',0004),
(49198,6692,'FONTAÑERA (LA)',0005),
(49199,6692,'HUERTAS DE CANSA (LAS)',0006),
(49200,6692,'JOLA',0007),
(49201,6692,'LANCHUELAS (LAS)',0008),
(49202,6692,'PINO (EL)',0009),
(49203,6692,'SAN PEDRO DE LOS MAJARRETES',0010),
(49204,6692,'VALENCIA DE ALCANTARA',0011),
(49205,6693,'VALVERDE DE LA VERA',0001),
(49206,6694,'VALVERDE DEL FRESNO',0001),
(49207,6695,'VIANDAR DE LA VERA',0001),
(49208,6696,'VILLA DEL CAMPO',0001),
(49209,6697,'VILLA DEL REY',0001),
(49210,6698,'VILLAMESIAS',0001),
(49211,6699,'TREVEJO',0001),
(49212,6699,'VILLAMIEL',0002),
(49213,6700,'VILLANUEVA DE LA SIERRA',0001),
(49214,6701,'VILLANUEVA DE LA VERA',0001),
(49215,6702,'NAVATRASIERRA',0001),
(49216,6702,'VILLAR DEL PEDROSO',0002),
(49217,6703,'VILLAR DE PLASENCIA',0001),
(49218,6704,'VILLASBUENAS DE GATA',0001),
(49219,6705,'ZARZA DE GRANADILLA',0001),
(49220,6705,'GRANADILLA',0002),
(49221,6706,'ZARZA DE MONTANCHEZ',0001),
(49222,6707,'ZARZA LA MAYOR',0001),
(49223,6708,'ZORITA',0001),
(49224,6709,'ROSALEJO',0001),
(52039,6710,'ACEDERA',0001),
(52040,6710,'GUADALPERALES (LOS)',0002),
(52041,6711,'ACEUCHAL',0001),
(52042,6712,'AHILLONES',0001),
(52043,6713,'ALANGE',0001),
(52044,6714,'ALBUERA (LA)',0001),
(52045,6715,'ALBURQUERQUE',0001),
(52046,6715,'BENAVENTE',0002),
(52047,6715,'CASAS DE SAN JUAN',0003),
(52048,6715,'SILVESTRE',0004),
(52049,6715,'TEJAREJO',0005),
(52050,6716,'ALCONCHEL',0001),
(52051,6717,'ALCONERA',0001),
(52052,6718,'ALJUCEN',0001),
(52053,6718,'CHAPARRALES (LOS)',0002),
(52054,6719,'ALMENDRAL',0001),
(52055,6720,'ALMENDRALEJO',0001),
(52056,6720,'SAN MARCOS',0002),
(52057,6721,'ARROYO DE SAN SERVAN',0001),
(52058,6722,'ATALAYA',0001),
(52059,6723,'AZUAGA',0001),
(52060,6723,'CARDENCHOSA (LA)',0002),
(52061,6724,'ALBALA',0001),
(52062,6724,'ALCAZABA',0002),
(52063,6724,'ALVARADO - LA RISCA',0003),
(52064,6724,'BADAJOZ',0004),
(52065,6724,'BALBOA',0005),
(52066,6724,'BOTOA',0006),
(52067,6724,'CARBONERAS (LAS)',0007),
(52068,6724,'CORCHUELA (LA)',0008),
(52069,6724,'FRESNOS (LOS)',0009),
(52070,6724,'GEVORA DEL CAUDILLO',0010),
(52071,6724,'GUADIANA DEL CAUDILLO',0011),
(52072,6724,'NOVELDA DEL GUADIANA',0012),
(52073,6724,'SAGRAJAS',0014),
(52074,6724,'SANTA ENGRACIA',0015),
(52075,6724,'VALDEBOTOA',0016),
(52076,6724,'VILLAFRANCO DEL GUADIANA',0018),
(52077,6724,'ATALAYA',0019),
(52078,6724,'CAMPOFRIO',0020),
(52079,6724,'CLUB CAMPO PINO',0021),
(52080,6724,'CORAZON DE JESUS',0022),
(52081,6724,'CUARTEL DE SANCHA BRAVA',0023),
(52082,6724,'DEHESILLA DE CALAMON',0024),
(52083,6724,'GOLF GUADIANA',0025),
(52084,6724,'MANANTIO (EL)',0026),
(52085,6724,'MONTITOS (LOS)',0027),
(52086,6724,'PINARES (LOS)',0028),
(52087,6724,'RIO CAYA',0029),
(52088,6724,'TRES ARROYOS',0030),
(52089,6724,'VAGUADAS (LAS)',0031),
(52090,6725,'BARCARROTA',0001),
(52091,6726,'BATERNO',0001),
(52092,6727,'BENQUERENCIA DE LA SERENA',0001),
(52093,6727,'HELECHAL',0002),
(52094,6727,'NAVA (LA)',0003),
(52095,6727,'PUERTO HURRACO',0004),
(52096,6727,'PUERTO MEJORAL',0005),
(52097,6728,'BERLANGA',0001),
(52098,6729,'BIENVENIDA',0001),
(52099,6730,'BODONAL DE LA SIERRA',0001),
(52100,6731,'BURGUILLOS DEL CERRO',0001),
(52101,6732,'ALMORCHON',0001),
(52102,6732,'CABEZA DEL BUEY',0002),
(52103,6733,'CABEZA LA VACA',0001),
(52104,6734,'CALAMONTE',0001),
(52105,6735,'CALERA DE LEON',0001),
(52106,6736,'CALZADILLA DE LOS BARROS',0001),
(52107,6737,'CAMPANARIO',0001),
(52108,6737,'GUARDA (LA)',0002),
(52109,6738,'CAMPILLO DE LLERENA',0001),
(52110,6739,'CAPILLA',0001),
(52111,6740,'CARMONITA',0001),
(52112,6741,'CARRASCALEJO (EL)',0001),
(52113,6741,'CANCHO GORDO',0002),
(52114,6742,'CASAS DE DON PEDRO',0001),
(52115,6743,'CASAS DE REINA',0001),
(52116,6744,'CASTILBLANCO',0001),
(52117,6745,'CASTUERA',0001),
(52118,6745,'PANTANO DEL ZUJAR',0002),
(52119,6746,'BACOCO',0001),
(52120,6746,'CODOSERA (LA)',0002),
(52121,6746,'MARCO (EL)',0003),
(52122,6746,'RABAZA (LA)',0004),
(52123,6746,'TOJERA (LA)',0005),
(52124,6746,'VARSE (LA)',0006),
(52125,6746,'VEGA (LA)',0007),
(52126,6747,'CORDOBILLA DE LACARA',0001),
(52127,6748,'CORONADA (LA)',0001),
(52128,6749,'CORTE DE PELEAS',0001),
(52129,6749,'CORTIJO DEL CURA',0002),
(52130,6750,'CRISTINA',0001),
(52131,6751,'CHELES',0001),
(52132,6752,'DON ALVARO',0001),
(52133,6753,'CONQUISTA DEL GUADIANA',0001),
(52134,6753,'DON BENITO',0002),
(52135,6753,'GARGALIGAS',0003),
(52136,6753,'HERNAN CORTES',0004),
(52137,6753,'RUECAS',0005),
(52138,6753,'TORVISCAL (EL)',0006),
(52139,6753,'VALDEHORNILLOS',0007),
(52140,6753,'VIVARES',0008),
(52141,6754,'ENTRIN ALTO',0001),
(52142,6754,'ENTRIN BAJO',0002),
(52143,6755,'ESPARRAGALEJO',0001),
(52144,6756,'ESPARRAGOSA DE LA SERENA',0001),
(52145,6757,'ESPARRAGOSA DE LARES',0001),
(52146,6757,'GALIZUELA',0002),
(52147,6758,'FERIA',0001),
(52148,6759,'FREGENAL DE LA SIERRA',0002),
(52149,6760,'FUENLABRADA DE LOS MONTES',0001),
(52150,6761,'FUENTE DE CANTOS',0001),
(52151,6762,'ESTACION',0001),
(52152,6762,'FUENTE DEL ARCO',0002),
(52153,6762,'VALDECIGUEÑAS',0003),
(52154,6763,'FUENTE DEL MAESTRE',0001),
(52155,6764,'FUENTES DE LEON',0001),
(52156,6765,'GARBAYUELA',0001),
(52157,6766,'GARLITOS',0001),
(52158,6767,'GARROVILLA (LA)',0001),
(52159,6768,'GRANJA DE TORREHERMOSA',0001),
(52160,6768,'RUBIOS (LOS)',0002),
(52161,6769,'GUAREÑA',0003),
(52162,6769,'TORREFRESNEDA',0004),
(52163,6770,'HABA (LA)',0001),
(52164,6771,'BOHONAL',0001),
(52165,6771,'HELECHOSA DE LOS MONTES',0002),
(52166,6772,'HERRERA DEL DUQUE',0001),
(52167,6772,'PELOCHE',0002),
(52168,6773,'HIGUERA DE LA SERENA',0001),
(52169,6774,'HIGUERA DE LLERENA',0001),
(52170,6774,'RUBIALES',0002),
(52171,6775,'HIGUERA DE VARGAS',0001),
(52172,6776,'HIGUERA LA REAL',0003),
(52173,6777,'HINOJOSA DEL VALLE',0001),
(52174,6778,'HORNACHOS',0001),
(52175,6779,'BAZANA (LA)',0002),
(52176,6779,'BROVALES',0003),
(52177,6779,'JEREZ DE LOS CABALLEROS',0004),
(52178,6779,'VALUENGO',0005),
(52179,6780,'LAPA (LA)',0001),
(52180,6781,'GUADAJIRA',0001),
(52181,6781,'LOBON',0002),
(52182,6782,'LLERA',0001),
(52183,6783,'LLERENA',0002),
(52184,6784,'MAGACELA',0001),
(52185,6785,'MAGUILLA',0001),
(52186,6786,'MALCOCINADO',0001),
(52187,6787,'MALPARTIDA DE LA SERENA',0001),
(52188,6788,'MANCHITA',0001),
(52189,6789,'MEDELLIN',0001),
(52190,6789,'YELBES',0002),
(52191,6790,'MEDINA DE LAS TORRES',0001),
(52192,6791,'MENGABRIL',0001),
(52193,6792,'CAMPOMANES',0001),
(52194,6792,'ESTACION DE ALJUCEN',0008),
(52195,6792,'ESTACION DE EL CARRASCALEJO',0009),
(52196,6792,'MERIDA',0012),
(52197,6792,'CARRION',0015),
(52198,6792,'MIRALRIO',0016),
(52199,6792,'PRADO (EL)',0017),
(52200,6792,'PROSERPINA',0018),
(52201,6792,'PSIQUIATRICO',0019),
(52202,6792,'VIRGEN DE LA LUZ',0020),
(52203,6792,'VIVERO (EL)',0021),
(52204,6793,'MIRANDILLA',0001),
(52205,6794,'MONESTERIO',0001),
(52206,6795,'MONTEMOLIN',0001),
(52207,6795,'PALLARES',0002),
(52208,6795,'SANTA MARIA DE NAVA',0003),
(52209,6796,'MONTERRUBIO DE LA SERENA',0001),
(52210,6797,'BARBAÑO',0001),
(52211,6797,'LACARA',0002),
(52212,6797,'MONTIJO',0003),
(52213,6798,'MORERA (LA)',0001),
(52214,6799,'NAVA DE SANTIAGO (LA)',0001),
(52215,6800,'NAVALVILLAR DE PELA',0001),
(52216,6800,'OBANDO',0002),
(52217,6800,'VEGAS ALTAS',0003),
(52218,6801,'NOGALES',0001),
(52219,6802,'OLIVA DE LA FRONTERA',0001),
(52220,6803,'ABEJARONES DE ARRIBA Y ABAJO',0001),
(52221,6803,'CAMPO AMENO',0002),
(52222,6803,'OSA Y NAVAS (LA)',0003),
(52223,6803,'GARZA (LA)',0004),
(52224,6803,'OLIVA DE MERIDA',0005),
(52225,6803,'ZAPATERA (LA)',0006),
(52226,6804,'OLIVENZA',0001),
(52227,6804,'SAN BENITO DE LA CONTIENDA',0002),
(52228,6804,'SAN FRANCISCO DE OLIVENZA',0003),
(52229,6804,'SAN JORGE DE ALOR',0004),
(52230,6804,'SAN RAFAEL DE OLIVENZA',0005),
(52231,6804,'SANTO DOMINGO',0006),
(52232,6804,'VILLARREAL',0007),
(52233,6805,'ORELLANA DE LA SIERRA',0001),
(52234,6806,'ORELLANA LA VIEJA',0001),
(52235,6807,'PALOMAS',0001),
(52236,6808,'PARRA (LA)',0001),
(52237,6809,'PEÑALSORDO',0001),
(52238,6810,'PERALEDA DEL ZAUCEJO',0001),
(52239,6811,'PUEBLA DE ALCOCER',0001),
(52240,6812,'PUEBLA DE LA CALZADA',0001),
(52241,6813,'PUEBLA DE LA REINA',0001),
(52242,6814,'PUEBLA DEL MAESTRE',0001),
(52243,6815,'PUEBLA DEL PRIOR',0001),
(52244,6816,'PUEBLA DE OBANDO',0001),
(52245,6817,'PUEBLA DE SANCHO PEREZ',0001),
(52246,6817,'RAPOSO (EL)',0002),
(52247,6818,'QUINTANA DE LA SERENA',0001),
(52248,6819,'REINA',0001),
(52249,6820,'RENA',0001),
(52250,6821,'RETAMAL DE LLERENA',0001),
(52251,6822,'RIBERA DEL FRESNO',0001),
(52252,6823,'RISCO',0001),
(52253,6824,'ROCA DE LA SIERRA (LA)',0001),
(52254,6825,'SALVALEON',0001),
(52255,6826,'SALVATIERRA DE LOS BARROS',0001),
(52256,6827,'SANCTI-SPIRITUS',0001),
(52257,6828,'SAN PEDRO DE MERIDA',0001),
(52258,6829,'SANTA AMALIA',0001),
(52259,6830,'SANTA MARTA',0001),
(52260,6831,'SANTOS DE MAIMONA (LOS)',0003),
(52261,6832,'DEHESA MAYORGA',0001),
(52262,6832,'DEHESA PIEDRABUENA',0002),
(52263,6832,'SAN VICENTE DE ALCANTARA',0003),
(52264,6833,'SEGURA DE LEON',0001),
(52265,6834,'SIRUELA',0001),
(52266,6835,'CORTEGANA',0001),
(52267,6835,'RETAMAL',0002),
(52268,6835,'SOLANA DE LOS BARROS',0003),
(52269,6836,'PUERTO PEÑA',0001),
(52270,6836,'TALARRUBIAS',0002),
(52271,6837,'TALAVERA LA REAL',0002),
(52272,6838,'TALIGA',0001),
(52273,6839,'TAMUREJO',0001),
(52274,6840,'TORRE DE MIGUEL SESMERO',0001),
(52275,6841,'TORREMAYOR',0001),
(52276,6842,'TORREMEJIA',0001),
(52277,6843,'TRASIERRA',0001),
(52278,6844,'TRUJILLANOS',0001),
(52279,6845,'USAGRE',0004),
(52280,6845,'RAPOSO (EL)',0005),
(52281,6846,'POBLADO A.E.T.E.A.',0001),
(52282,6846,'POBLADO C.N.V.',0002),
(52283,6846,'VALDECABALLEROS',0003),
(52284,6847,'VALDETORRES',0001),
(52285,6848,'VALENCIA DE LAS TORRES',0003),
(52286,6849,'VALENCIA DEL MOMBUEY',0001),
(52287,6850,'NUESTRA SEÑORA DEL VALLE',0001),
(52288,6850,'VALENCIA DEL VENTOSO',0002),
(52289,6851,'VALVERDE DE BURGUILLOS',0001),
(52290,6852,'VALVERDE DE LEGANES',0001),
(52291,6853,'VALVERDE DE LLERENA',0001),
(52292,6854,'VALVERDE DE MERIDA',0001),
(52293,6855,'VALLE DE LA SERENA',0001),
(52294,6856,'VALLE DE MATAMOROS',0001),
(52295,6857,'VALLE DE SANTA ANA',0001),
(52296,6858,'VILLAFRANCA DE LOS BARROS',0003),
(52297,6859,'VILLAGARCIA DE LA TORRE',0001),
(52298,6860,'VILLAGONZALO',0001),
(52299,6861,'VILLALBA DE LOS BARROS',0001),
(52300,6862,'CASAS DEL CASTILLO',0001),
(52301,6862,'ENCOMIENDA O C.Y.C.A.',0002),
(52302,6862,'ENTRERRIOS',0003),
(52303,6862,'VALDIVIA',0004),
(52304,6862,'VILLANUEVA DE LA SERENA',0005),
(52305,6862,'ZURBARAN',0006),
(52306,6863,'VILLANUEVA DEL FRESNO',0001),
(52307,6864,'VILLAR DEL REY',0001),
(52308,6865,'PALAZUELO',0001),
(52309,6865,'PUEBLA DE ALCOLLARIN',0002),
(52310,6865,'VILLAR DE RENA',0004),
(52311,6866,'VILLARTA DE LOS MONTES',0001),
(52316,6867,'ZAFRA',0005),
(52312,6867,'BUEN SUCESO',0001),
(52313,6867,'CABRAHIGA',0002),
(52314,6867,'HUERTA PLATA',0003),
(52315,6867,'PALOMAR NAVAS',0004),
(52317,6868,'ZAHINOS',0001),
(52318,6869,'SAN CRISTOBAL DE ZALAMEA',0001),
(52319,6869,'ZALAMEA DE LA SERENA',0002),
(52320,6870,'ZARZA-CAPILLA',0001),
(52321,6871,'ZARZA (LA)',0001),
(52322,6872,'VALDELACALZADA',0001),
(52323,6873,'PUEBLONUEVO DEL GUADIANA',0001);
